y reading,wavelength
8.75,600.368932
8.77,599.1528046
,1.216127397
