y reading,wavelength
8.36,626.1260504
8.99,586.3710575
9.86,544.6261981
15.47,422.3942713
